{
  "ABIRoot": {
    "kind": "Root",
    "name": "AdoComponent",
    "printedName": "AdoComponent",
    "children": [
      {
        "kind": "Import",
        "name": "UIKit",
        "printedName": "UIKit",
        "declKind": "Import",
        "moduleName": "AdoComponent",
        "declAttributes": [
          "RawDocComment"
        ]
      },
      {
        "kind": "Import",
        "name": "Foundation",
        "printedName": "Foundation",
        "declKind": "Import",
        "moduleName": "AdoComponent",
        "declAttributes": [
          "RawDocComment"
        ]
      },
      {
        "kind": "Import",
        "name": "UIKit",
        "printedName": "UIKit",
        "declKind": "Import",
        "moduleName": "AdoComponent"
      },
      {
        "kind": "Import",
        "name": "Foundation",
        "printedName": "Foundation",
        "declKind": "Import",
        "moduleName": "AdoComponent"
      },
      {
        "kind": "Import",
        "name": "UIKit",
        "printedName": "UIKit",
        "declKind": "Import",
        "moduleName": "AdoComponent"
      },
      {
        "kind": "Import",
        "name": "UIKit",
        "printedName": "UIKit",
        "declKind": "Import",
        "moduleName": "AdoComponent",
        "declAttributes": [
          "RawDocComment"
        ]
      },
      {
        "kind": "Import",
        "name": "UIKit",
        "printedName": "UIKit",
        "declKind": "Import",
        "moduleName": "AdoComponent"
      },
      {
        "kind": "Import",
        "name": "CoreLocation",
        "printedName": "CoreLocation",
        "declKind": "Import",
        "moduleName": "AdoComponent"
      },
      {
        "kind": "Import",
        "name": "Foundation",
        "printedName": "Foundation",
        "declKind": "Import",
        "moduleName": "AdoComponent"
      },
      {
        "kind": "Import",
        "name": "UIKit",
        "printedName": "UIKit",
        "declKind": "Import",
        "moduleName": "AdoComponent"
      },
      {
        "kind": "Import",
        "name": "Foundation",
        "printedName": "Foundation",
        "declKind": "Import",
        "moduleName": "AdoComponent",
        "declAttributes": [
          "RawDocComment"
        ]
      },
      {
        "kind": "TypeDecl",
        "name": "ResponseData",
        "printedName": "ResponseData",
        "children": [
          {
            "kind": "Constructor",
            "name": "init",
            "printedName": "init(from:)",
            "children": [
              {
                "kind": "TypeNominal",
                "name": "ResponseData",
                "printedName": "AdoComponent.ResponseData",
                "usr": "s:12AdoComponent12ResponseDataV"
              },
              {
                "kind": "TypeNominal",
                "name": "Decoder",
                "printedName": "any Swift.Decoder",
                "usr": "s:s7DecoderP"
              }
            ],
            "declKind": "Constructor",
            "usr": "s:12AdoComponent12ResponseDataV4fromACs7Decoder_p_tKcfc",
            "mangledName": "$s12AdoComponent12ResponseDataV4fromACs7Decoder_p_tKcfc",
            "moduleName": "AdoComponent",
            "implicit": true,
            "throwing": true,
            "init_kind": "Designated"
          },
          {
            "kind": "Function",
            "name": "encode",
            "printedName": "encode(to:)",
            "children": [
              {
                "kind": "TypeNominal",
                "name": "Void",
                "printedName": "()"
              },
              {
                "kind": "TypeNominal",
                "name": "Encoder",
                "printedName": "any Swift.Encoder",
                "usr": "s:s7EncoderP"
              }
            ],
            "declKind": "Func",
            "usr": "s:12AdoComponent12ResponseDataV6encode2toys7Encoder_p_tKF",
            "mangledName": "$s12AdoComponent12ResponseDataV6encode2toys7Encoder_p_tKF",
            "moduleName": "AdoComponent",
            "implicit": true,
            "throwing": true,
            "funcSelfKind": "NonMutating"
          }
        ],
        "declKind": "Struct",
        "usr": "s:12AdoComponent12ResponseDataV",
        "mangledName": "$s12AdoComponent12ResponseDataV",
        "moduleName": "AdoComponent",
        "declAttributes": [
          "AccessControl"
        ],
        "conformances": [
          {
            "kind": "Conformance",
            "name": "Copyable",
            "printedName": "Copyable",
            "usr": "s:s8CopyableP",
            "mangledName": "$ss8CopyableP"
          },
          {
            "kind": "Conformance",
            "name": "Escapable",
            "printedName": "Escapable",
            "usr": "s:s9EscapableP",
            "mangledName": "$ss9EscapableP"
          },
          {
            "kind": "Conformance",
            "name": "Decodable",
            "printedName": "Decodable",
            "usr": "s:Se",
            "mangledName": "$sSe"
          },
          {
            "kind": "Conformance",
            "name": "Encodable",
            "printedName": "Encodable",
            "usr": "s:SE",
            "mangledName": "$sSE"
          }
        ]
      },
      {
        "kind": "TypeDecl",
        "name": "PersonModel",
        "printedName": "PersonModel",
        "children": [
          {
            "kind": "Constructor",
            "name": "init",
            "printedName": "init(from:)",
            "children": [
              {
                "kind": "TypeNominal",
                "name": "PersonModel",
                "printedName": "AdoComponent.PersonModel",
                "usr": "s:12AdoComponent11PersonModelV"
              },
              {
                "kind": "TypeNominal",
                "name": "Decoder",
                "printedName": "any Swift.Decoder",
                "usr": "s:s7DecoderP"
              }
            ],
            "declKind": "Constructor",
            "usr": "s:12AdoComponent11PersonModelV4fromACs7Decoder_p_tKcfc",
            "mangledName": "$s12AdoComponent11PersonModelV4fromACs7Decoder_p_tKcfc",
            "moduleName": "AdoComponent",
            "implicit": true,
            "throwing": true,
            "init_kind": "Designated"
          },
          {
            "kind": "Function",
            "name": "encode",
            "printedName": "encode(to:)",
            "children": [
              {
                "kind": "TypeNominal",
                "name": "Void",
                "printedName": "()"
              },
              {
                "kind": "TypeNominal",
                "name": "Encoder",
                "printedName": "any Swift.Encoder",
                "usr": "s:s7EncoderP"
              }
            ],
            "declKind": "Func",
            "usr": "s:12AdoComponent11PersonModelV6encode2toys7Encoder_p_tKF",
            "mangledName": "$s12AdoComponent11PersonModelV6encode2toys7Encoder_p_tKF",
            "moduleName": "AdoComponent",
            "implicit": true,
            "throwing": true,
            "funcSelfKind": "NonMutating"
          }
        ],
        "declKind": "Struct",
        "usr": "s:12AdoComponent11PersonModelV",
        "mangledName": "$s12AdoComponent11PersonModelV",
        "moduleName": "AdoComponent",
        "declAttributes": [
          "AccessControl"
        ],
        "conformances": [
          {
            "kind": "Conformance",
            "name": "Copyable",
            "printedName": "Copyable",
            "usr": "s:s8CopyableP",
            "mangledName": "$ss8CopyableP"
          },
          {
            "kind": "Conformance",
            "name": "Escapable",
            "printedName": "Escapable",
            "usr": "s:s9EscapableP",
            "mangledName": "$ss9EscapableP"
          },
          {
            "kind": "Conformance",
            "name": "Decodable",
            "printedName": "Decodable",
            "usr": "s:Se",
            "mangledName": "$sSe"
          },
          {
            "kind": "Conformance",
            "name": "Encodable",
            "printedName": "Encodable",
            "usr": "s:SE",
            "mangledName": "$sSE"
          }
        ]
      },
      {
        "kind": "Import",
        "name": "Foundation",
        "printedName": "Foundation",
        "declKind": "Import",
        "moduleName": "AdoComponent"
      },
      {
        "kind": "TypeDecl",
        "name": "SMDelegate",
        "printedName": "SMDelegate",
        "children": [
          {
            "kind": "Function",
            "name": "completedWithResult",
            "printedName": "completedWithResult(result:response:)",
            "children": [
              {
                "kind": "TypeNominal",
                "name": "Void",
                "printedName": "()"
              },
              {
                "kind": "TypeNominal",
                "name": "Bool",
                "printedName": "Swift.Bool",
                "usr": "s:Sb"
              },
              {
                "kind": "TypeNominal",
                "name": "Optional",
                "printedName": "Swift.String?",
                "children": [
                  {
                    "kind": "TypeNominal",
                    "name": "String",
                    "printedName": "Swift.String",
                    "usr": "s:SS"
                  }
                ],
                "usr": "s:Sq"
              }
            ],
            "declKind": "Func",
            "usr": "c:@M@AdoComponent@objc(pl)SMDelegate(im)completedWithResultWithResult:response:",
            "mangledName": "$s12AdoComponent10SMDelegateP19completedWithResult6result8responseySb_SSSgtF",
            "moduleName": "AdoComponent",
            "genericSig": "<τ_0_0 where τ_0_0 : AdoComponent.SMDelegate>",
            "sugared_genericSig": "<Self where Self : AdoComponent.SMDelegate>",
            "protocolReq": true,
            "declAttributes": [
              "Custom",
              "ObjC"
            ],
            "reqNewWitnessTableEntry": true,
            "funcSelfKind": "NonMutating"
          },
          {
            "kind": "Function",
            "name": "completedWithPending",
            "printedName": "completedWithPending(response:)",
            "children": [
              {
                "kind": "TypeNominal",
                "name": "Void",
                "printedName": "()"
              },
              {
                "kind": "TypeNominal",
                "name": "Optional",
                "printedName": "Swift.String?",
                "children": [
                  {
                    "kind": "TypeNominal",
                    "name": "String",
                    "printedName": "Swift.String",
                    "usr": "s:SS"
                  }
                ],
                "usr": "s:Sq"
              }
            ],
            "declKind": "Func",
            "usr": "c:@M@AdoComponent@objc(pl)SMDelegate(im)completedWithPendingWithResponse:",
            "mangledName": "$s12AdoComponent10SMDelegateP20completedWithPending8responseySSSg_tF",
            "moduleName": "AdoComponent",
            "genericSig": "<τ_0_0 where τ_0_0 : AdoComponent.SMDelegate>",
            "sugared_genericSig": "<Self where Self : AdoComponent.SMDelegate>",
            "protocolReq": true,
            "objc_name": "completedWithPendingWithResponse:",
            "declAttributes": [
              "Custom",
              "Optional",
              "ObjC",
              "RawDocComment"
            ],
            "reqNewWitnessTableEntry": true,
            "funcSelfKind": "NonMutating"
          },
          {
            "kind": "Function",
            "name": "completedWithFailure",
            "printedName": "completedWithFailure(response:)",
            "children": [
              {
                "kind": "TypeNominal",
                "name": "Void",
                "printedName": "()"
              },
              {
                "kind": "TypeNominal",
                "name": "Optional",
                "printedName": "Swift.String?",
                "children": [
                  {
                    "kind": "TypeNominal",
                    "name": "String",
                    "printedName": "Swift.String",
                    "usr": "s:SS"
                  }
                ],
                "usr": "s:Sq"
              }
            ],
            "declKind": "Func",
            "usr": "c:@M@AdoComponent@objc(pl)SMDelegate(im)completedWithFailureWithResponse:",
            "mangledName": "$s12AdoComponent10SMDelegateP20completedWithFailure8responseySSSg_tF",
            "moduleName": "AdoComponent",
            "genericSig": "<τ_0_0 where τ_0_0 : AdoComponent.SMDelegate>",
            "sugared_genericSig": "<Self where Self : AdoComponent.SMDelegate>",
            "protocolReq": true,
            "objc_name": "completedWithFailureWithResponse:",
            "declAttributes": [
              "Custom",
              "Optional",
              "ObjC"
            ],
            "reqNewWitnessTableEntry": true,
            "funcSelfKind": "NonMutating"
          }
        ],
        "declKind": "Protocol",
        "usr": "c:@M@AdoComponent@objc(pl)SMDelegate",
        "mangledName": "$s12AdoComponent10SMDelegateP",
        "moduleName": "AdoComponent",
        "genericSig": "<τ_0_0 : AnyObject>",
        "sugared_genericSig": "<Self : AnyObject>",
        "declAttributes": [
          "AccessControl",
          "ObjC",
          "Custom"
        ],
        "conformances": [
          {
            "kind": "Conformance",
            "name": "Escapable",
            "printedName": "Escapable",
            "usr": "s:s9EscapableP",
            "mangledName": "$ss9EscapableP"
          },
          {
            "kind": "Conformance",
            "name": "Copyable",
            "printedName": "Copyable",
            "usr": "s:s8CopyableP",
            "mangledName": "$ss8CopyableP"
          }
        ]
      },
      {
        "kind": "Import",
        "name": "UIKit",
        "printedName": "UIKit",
        "declKind": "Import",
        "moduleName": "AdoComponent"
      },
      {
        "kind": "Import",
        "name": "Foundation",
        "printedName": "Foundation",
        "declKind": "Import",
        "moduleName": "AdoComponent"
      },
      {
        "kind": "Import",
        "name": "SwiftUI",
        "printedName": "SwiftUI",
        "declKind": "Import",
        "moduleName": "AdoComponent"
      },
      {
        "kind": "TypeDecl",
        "name": "SMParams",
        "printedName": "SMParams",
        "children": [
          {
            "kind": "Var",
            "name": "urlInvitation",
            "printedName": "urlInvitation",
            "children": [
              {
                "kind": "TypeNominal",
                "name": "String",
                "printedName": "Swift.String",
                "usr": "s:SS"
              }
            ],
            "declKind": "Var",
            "usr": "s:12AdoComponent8SMParamsV13urlInvitationSSvp",
            "mangledName": "$s12AdoComponent8SMParamsV13urlInvitationSSvp",
            "moduleName": "AdoComponent",
            "declAttributes": [
              "HasStorage",
              "AccessControl"
            ],
            "hasStorage": true,
            "accessors": [
              {
                "kind": "Accessor",
                "name": "Get",
                "printedName": "Get()",
                "children": [
                  {
                    "kind": "TypeNominal",
                    "name": "String",
                    "printedName": "Swift.String",
                    "usr": "s:SS"
                  }
                ],
                "declKind": "Accessor",
                "usr": "s:12AdoComponent8SMParamsV13urlInvitationSSvg",
                "mangledName": "$s12AdoComponent8SMParamsV13urlInvitationSSvg",
                "moduleName": "AdoComponent",
                "implicit": true,
                "accessorKind": "get"
              },
              {
                "kind": "Accessor",
                "name": "Set",
                "printedName": "Set()",
                "children": [
                  {
                    "kind": "TypeNominal",
                    "name": "Void",
                    "printedName": "()"
                  },
                  {
                    "kind": "TypeNominal",
                    "name": "String",
                    "printedName": "Swift.String",
                    "usr": "s:SS"
                  }
                ],
                "declKind": "Accessor",
                "usr": "s:12AdoComponent8SMParamsV13urlInvitationSSvs",
                "mangledName": "$s12AdoComponent8SMParamsV13urlInvitationSSvs",
                "moduleName": "AdoComponent",
                "implicit": true,
                "accessorKind": "set"
              },
              {
                "kind": "Accessor",
                "name": "Modify",
                "printedName": "Modify()",
                "children": [
                  {
                    "kind": "TypeNominal",
                    "name": "Void",
                    "printedName": "()"
                  }
                ],
                "declKind": "Accessor",
                "usr": "s:12AdoComponent8SMParamsV13urlInvitationSSvM",
                "mangledName": "$s12AdoComponent8SMParamsV13urlInvitationSSvM",
                "moduleName": "AdoComponent",
                "implicit": true,
                "accessorKind": "_modify"
              }
            ]
          },
          {
            "kind": "Constructor",
            "name": "init",
            "printedName": "init(urlInvitation:)",
            "children": [
              {
                "kind": "TypeNominal",
                "name": "SMParams",
                "printedName": "AdoComponent.SMParams",
                "usr": "s:12AdoComponent8SMParamsV"
              },
              {
                "kind": "TypeNominal",
                "name": "String",
                "printedName": "Swift.String",
                "usr": "s:SS"
              }
            ],
            "declKind": "Constructor",
            "usr": "s:12AdoComponent8SMParamsV13urlInvitationACSS_tcfc",
            "mangledName": "$s12AdoComponent8SMParamsV13urlInvitationACSS_tcfc",
            "moduleName": "AdoComponent",
            "declAttributes": [
              "AccessControl"
            ],
            "init_kind": "Designated"
          }
        ],
        "declKind": "Struct",
        "usr": "s:12AdoComponent8SMParamsV",
        "mangledName": "$s12AdoComponent8SMParamsV",
        "moduleName": "AdoComponent",
        "declAttributes": [
          "AccessControl"
        ],
        "conformances": [
          {
            "kind": "Conformance",
            "name": "Copyable",
            "printedName": "Copyable",
            "usr": "s:s8CopyableP",
            "mangledName": "$ss8CopyableP"
          },
          {
            "kind": "Conformance",
            "name": "Escapable",
            "printedName": "Escapable",
            "usr": "s:s9EscapableP",
            "mangledName": "$ss9EscapableP"
          }
        ]
      },
      {
        "kind": "Import",
        "name": "UIKit",
        "printedName": "UIKit",
        "declKind": "Import",
        "moduleName": "AdoComponent",
        "declAttributes": [
          "RawDocComment"
        ]
      },
      {
        "kind": "Import",
        "name": "Foundation",
        "printedName": "Foundation",
        "declKind": "Import",
        "moduleName": "AdoComponent",
        "declAttributes": [
          "RawDocComment"
        ]
      },
      {
        "kind": "Import",
        "name": "WebKit",
        "printedName": "WebKit",
        "declKind": "Import",
        "moduleName": "AdoComponent"
      },
      {
        "kind": "Import",
        "name": "UIKit",
        "printedName": "UIKit",
        "declKind": "Import",
        "moduleName": "AdoComponent"
      },
      {
        "kind": "TypeDecl",
        "name": "SMManager",
        "printedName": "SMManager",
        "children": [
          {
            "kind": "Var",
            "name": "customization",
            "printedName": "customization",
            "children": [
              {
                "kind": "TypeNominal",
                "name": "SMManager",
                "printedName": "AdoComponent.SMManager",
                "usr": "s:12AdoComponent9SMManagerC"
              }
            ],
            "declKind": "Var",
            "usr": "s:12AdoComponent9SMManagerC13customizationACvpZ",
            "mangledName": "$s12AdoComponent9SMManagerC13customizationACvpZ",
            "moduleName": "AdoComponent",
            "static": true,
            "declAttributes": [
              "HasInitialValue",
              "Final",
              "HasStorage",
              "AccessControl"
            ],
            "isLet": true,
            "hasStorage": true,
            "accessors": [
              {
                "kind": "Accessor",
                "name": "Get",
                "printedName": "Get()",
                "children": [
                  {
                    "kind": "TypeNominal",
                    "name": "SMManager",
                    "printedName": "AdoComponent.SMManager",
                    "usr": "s:12AdoComponent9SMManagerC"
                  }
                ],
                "declKind": "Accessor",
                "usr": "s:12AdoComponent9SMManagerC13customizationACvgZ",
                "mangledName": "$s12AdoComponent9SMManagerC13customizationACvgZ",
                "moduleName": "AdoComponent",
                "static": true,
                "implicit": true,
                "declAttributes": [
                  "Final"
                ],
                "accessorKind": "get"
              }
            ]
          },
          {
            "kind": "Function",
            "name": "initWith",
            "printedName": "initWith(delegate:params:)",
            "children": [
              {
                "kind": "TypeNominal",
                "name": "UIViewController",
                "printedName": "UIKit.UIViewController",
                "usr": "c:objc(cs)UIViewController"
              },
              {
                "kind": "TypeNominal",
                "name": "SMDelegate",
                "printedName": "any AdoComponent.SMDelegate",
                "usr": "c:@M@AdoComponent@objc(pl)SMDelegate"
              },
              {
                "kind": "TypeNominal",
                "name": "SMParams",
                "printedName": "AdoComponent.SMParams",
                "usr": "s:12AdoComponent8SMParamsV"
              }
            ],
            "declKind": "Func",
            "usr": "s:12AdoComponent9SMManagerC8initWith8delegate6paramsSo16UIViewControllerCAA10SMDelegate_p_AA8SMParamsVtFZ",
            "mangledName": "$s12AdoComponent9SMManagerC8initWith8delegate6paramsSo16UIViewControllerCAA10SMDelegate_p_AA8SMParamsVtFZ",
            "moduleName": "AdoComponent",
            "static": true,
            "declAttributes": [
              "Final",
              "AccessControl",
              "Custom"
            ],
            "funcSelfKind": "NonMutating"
          }
        ],
        "declKind": "Class",
        "usr": "s:12AdoComponent9SMManagerC",
        "mangledName": "$s12AdoComponent9SMManagerC",
        "moduleName": "AdoComponent",
        "declAttributes": [
          "AccessControl"
        ],
        "hasMissingDesignatedInitializers": true,
        "conformances": [
          {
            "kind": "Conformance",
            "name": "Copyable",
            "printedName": "Copyable",
            "usr": "s:s8CopyableP",
            "mangledName": "$ss8CopyableP"
          },
          {
            "kind": "Conformance",
            "name": "Escapable",
            "printedName": "Escapable",
            "usr": "s:s9EscapableP",
            "mangledName": "$ss9EscapableP"
          },
          {
            "kind": "Conformance",
            "name": "Sendable",
            "printedName": "Sendable",
            "usr": "s:s8SendableP",
            "mangledName": "$ss8SendableP"
          }
        ]
      },
      {
        "kind": "Import",
        "name": "Foundation",
        "printedName": "Foundation",
        "declKind": "Import",
        "moduleName": "AdoComponent"
      },
      {
        "kind": "Import",
        "name": "WebKit",
        "printedName": "WebKit",
        "declKind": "Import",
        "moduleName": "AdoComponent"
      },
      {
        "kind": "Import",
        "name": "UIKit",
        "printedName": "UIKit",
        "declKind": "Import",
        "moduleName": "AdoComponent"
      },
      {
        "kind": "Import",
        "name": "AVFoundation",
        "printedName": "AVFoundation",
        "declKind": "Import",
        "moduleName": "AdoComponent"
      },
      {
        "kind": "Import",
        "name": "SafariServices",
        "printedName": "SafariServices",
        "declKind": "Import",
        "moduleName": "AdoComponent"
      },
      {
        "kind": "Import",
        "name": "UIKit",
        "printedName": "UIKit",
        "declKind": "Import",
        "moduleName": "AdoComponent"
      },
      {
        "kind": "Import",
        "name": "Alamofire",
        "printedName": "Alamofire",
        "declKind": "Import",
        "moduleName": "AdoComponent",
        "declAttributes": [
          "AccessControl"
        ]
      },
      {
        "kind": "Import",
        "name": "UIKit",
        "printedName": "UIKit",
        "declKind": "Import",
        "moduleName": "AdoComponent",
        "declAttributes": [
          "RawDocComment"
        ]
      },
      {
        "kind": "TypeDecl",
        "name": "UIDevice",
        "printedName": "UIDevice",
        "children": [
          {
            "kind": "Var",
            "name": "modelName",
            "printedName": "modelName",
            "children": [
              {
                "kind": "TypeNominal",
                "name": "String",
                "printedName": "Swift.String",
                "usr": "s:SS"
              }
            ],
            "declKind": "Var",
            "usr": "s:So8UIDeviceC12AdoComponentE9modelNameSSvpZ",
            "mangledName": "$sSo8UIDeviceC12AdoComponentE9modelNameSSvpZ",
            "moduleName": "AdoComponent",
            "static": true,
            "declAttributes": [
              "HasInitialValue",
              "Final",
              "HasStorage",
              "Preconcurrency",
              "Custom"
            ],
            "isFromExtension": true,
            "isLet": true,
            "hasStorage": true,
            "accessors": [
              {
                "kind": "Accessor",
                "name": "Get",
                "printedName": "Get()",
                "children": [
                  {
                    "kind": "TypeNominal",
                    "name": "String",
                    "printedName": "Swift.String",
                    "usr": "s:SS"
                  }
                ],
                "declKind": "Accessor",
                "usr": "s:So8UIDeviceC12AdoComponentE9modelNameSSvgZ",
                "mangledName": "$sSo8UIDeviceC12AdoComponentE9modelNameSSvgZ",
                "moduleName": "AdoComponent",
                "static": true,
                "implicit": true,
                "declAttributes": [
                  "Final"
                ],
                "isFromExtension": true,
                "accessorKind": "get"
              }
            ]
          }
        ],
        "declKind": "Class",
        "usr": "c:objc(cs)UIDevice",
        "moduleName": "UIKit",
        "isOpen": true,
        "intro_iOS": "2.0",
        "objc_name": "UIDevice",
        "declAttributes": [
          "Preconcurrency",
          "Available",
          "ObjC",
          "NonSendable",
          "Custom",
          "Dynamic"
        ],
        "superclassUsr": "c:objc(cs)NSObject",
        "isExternal": true,
        "inheritsConvenienceInitializers": true,
        "superclassNames": [
          "ObjectiveC.NSObject"
        ],
        "conformances": [
          {
            "kind": "Conformance",
            "name": "Copyable",
            "printedName": "Copyable",
            "usr": "s:s8CopyableP",
            "mangledName": "$ss8CopyableP"
          },
          {
            "kind": "Conformance",
            "name": "Escapable",
            "printedName": "Escapable",
            "usr": "s:s9EscapableP",
            "mangledName": "$ss9EscapableP"
          },
          {
            "kind": "Conformance",
            "name": "Equatable",
            "printedName": "Equatable",
            "usr": "s:SQ",
            "mangledName": "$sSQ"
          },
          {
            "kind": "Conformance",
            "name": "Hashable",
            "printedName": "Hashable",
            "usr": "s:SH",
            "mangledName": "$sSH"
          },
          {
            "kind": "Conformance",
            "name": "CVarArg",
            "printedName": "CVarArg",
            "usr": "s:s7CVarArgP",
            "mangledName": "$ss7CVarArgP"
          },
          {
            "kind": "Conformance",
            "name": "_KeyValueCodingAndObservingPublishing",
            "printedName": "_KeyValueCodingAndObservingPublishing",
            "usr": "s:10Foundation37_KeyValueCodingAndObservingPublishingP",
            "mangledName": "$s10Foundation37_KeyValueCodingAndObservingPublishingP"
          },
          {
            "kind": "Conformance",
            "name": "_KeyValueCodingAndObserving",
            "printedName": "_KeyValueCodingAndObserving",
            "usr": "s:10Foundation27_KeyValueCodingAndObservingP",
            "mangledName": "$s10Foundation27_KeyValueCodingAndObservingP"
          },
          {
            "kind": "Conformance",
            "name": "CustomStringConvertible",
            "printedName": "CustomStringConvertible",
            "usr": "s:s23CustomStringConvertibleP",
            "mangledName": "$ss23CustomStringConvertibleP"
          },
          {
            "kind": "Conformance",
            "name": "CustomDebugStringConvertible",
            "printedName": "CustomDebugStringConvertible",
            "usr": "s:s28CustomDebugStringConvertibleP",
            "mangledName": "$ss28CustomDebugStringConvertibleP"
          }
        ]
      }
    ],
    "json_format_version": 8
  },
  "ConstValues": [
    {
      "filePath": "\/Volumes\/My Shared Files\/Home\/Visual Studio Code\/SDK_iOS\/AdoComponent\/Foundation\/Extensions\/UIDevice+SM.swift",
      "kind": "StringLiteral",
      "offset": 406,
      "length": 2,
      "value": "\"\""
    },
    {
      "filePath": "\/Volumes\/My Shared Files\/Home\/Visual Studio Code\/SDK_iOS\/AdoComponent\/Foundation\/Extensions\/UIDevice+SM.swift",
      "kind": "IntegerLiteral",
      "offset": 498,
      "length": 1,
      "value": "0"
    },
    {
      "filePath": "\/Volumes\/My Shared Files\/Home\/Visual Studio Code\/SDK_iOS\/AdoComponent\/Foundation\/Extensions\/UIDevice+SM.swift",
      "kind": "StringLiteral",
      "offset": 784,
      "length": 9,
      "value": "\"iPod5,1\""
    },
    {
      "filePath": "\/Volumes\/My Shared Files\/Home\/Visual Studio Code\/SDK_iOS\/AdoComponent\/Foundation\/Extensions\/UIDevice+SM.swift",
      "kind": "StringLiteral",
      "offset": 834,
      "length": 29,
      "value": "\"iPod_touch_(5th_generation)\""
    },
    {
      "filePath": "\/Volumes\/My Shared Files\/Home\/Visual Studio Code\/SDK_iOS\/AdoComponent\/Foundation\/Extensions\/UIDevice+SM.swift",
      "kind": "StringLiteral",
      "offset": 881,
      "length": 9,
      "value": "\"iPod7,1\""
    },
    {
      "filePath": "\/Volumes\/My Shared Files\/Home\/Visual Studio Code\/SDK_iOS\/AdoComponent\/Foundation\/Extensions\/UIDevice+SM.swift",
      "kind": "StringLiteral",
      "offset": 931,
      "length": 29,
      "value": "\"iPod_touch_(6th_generation)\""
    },
    {
      "filePath": "\/Volumes\/My Shared Files\/Home\/Visual Studio Code\/SDK_iOS\/AdoComponent\/Foundation\/Extensions\/UIDevice+SM.swift",
      "kind": "StringLiteral",
      "offset": 978,
      "length": 9,
      "value": "\"iPod9,1\""
    },
    {
      "filePath": "\/Volumes\/My Shared Files\/Home\/Visual Studio Code\/SDK_iOS\/AdoComponent\/Foundation\/Extensions\/UIDevice+SM.swift",
      "kind": "StringLiteral",
      "offset": 1028,
      "length": 29,
      "value": "\"iPod_touch_(7th_generation)\""
    },
    {
      "filePath": "\/Volumes\/My Shared Files\/Home\/Visual Studio Code\/SDK_iOS\/AdoComponent\/Foundation\/Extensions\/UIDevice+SM.swift",
      "kind": "StringLiteral",
      "offset": 1075,
      "length": 11,
      "value": "\"iPhone3,1\""
    },
    {
      "filePath": "\/Volumes\/My Shared Files\/Home\/Visual Studio Code\/SDK_iOS\/AdoComponent\/Foundation\/Extensions\/UIDevice+SM.swift",
      "kind": "StringLiteral",
      "offset": 1088,
      "length": 11,
      "value": "\"iPhone3,2\""
    },
    {
      "filePath": "\/Volumes\/My Shared Files\/Home\/Visual Studio Code\/SDK_iOS\/AdoComponent\/Foundation\/Extensions\/UIDevice+SM.swift",
      "kind": "StringLiteral",
      "offset": 1101,
      "length": 11,
      "value": "\"iPhone3,3\""
    },
    {
      "filePath": "\/Volumes\/My Shared Files\/Home\/Visual Studio Code\/SDK_iOS\/AdoComponent\/Foundation\/Extensions\/UIDevice+SM.swift",
      "kind": "StringLiteral",
      "offset": 1125,
      "length": 10,
      "value": "\"iPhone_4\""
    },
    {
      "filePath": "\/Volumes\/My Shared Files\/Home\/Visual Studio Code\/SDK_iOS\/AdoComponent\/Foundation\/Extensions\/UIDevice+SM.swift",
      "kind": "StringLiteral",
      "offset": 1153,
      "length": 11,
      "value": "\"iPhone4,1\""
    },
    {
      "filePath": "\/Volumes\/My Shared Files\/Home\/Visual Studio Code\/SDK_iOS\/AdoComponent\/Foundation\/Extensions\/UIDevice+SM.swift",
      "kind": "StringLiteral",
      "offset": 1203,
      "length": 11,
      "value": "\"iPhone_4s\""
    },
    {
      "filePath": "\/Volumes\/My Shared Files\/Home\/Visual Studio Code\/SDK_iOS\/AdoComponent\/Foundation\/Extensions\/UIDevice+SM.swift",
      "kind": "StringLiteral",
      "offset": 1232,
      "length": 11,
      "value": "\"iPhone5,1\""
    },
    {
      "filePath": "\/Volumes\/My Shared Files\/Home\/Visual Studio Code\/SDK_iOS\/AdoComponent\/Foundation\/Extensions\/UIDevice+SM.swift",
      "kind": "StringLiteral",
      "offset": 1245,
      "length": 11,
      "value": "\"iPhone5,2\""
    },
    {
      "filePath": "\/Volumes\/My Shared Files\/Home\/Visual Studio Code\/SDK_iOS\/AdoComponent\/Foundation\/Extensions\/UIDevice+SM.swift",
      "kind": "StringLiteral",
      "offset": 1282,
      "length": 10,
      "value": "\"iPhone_5\""
    },
    {
      "filePath": "\/Volumes\/My Shared Files\/Home\/Visual Studio Code\/SDK_iOS\/AdoComponent\/Foundation\/Extensions\/UIDevice+SM.swift",
      "kind": "StringLiteral",
      "offset": 1310,
      "length": 11,
      "value": "\"iPhone5,3\""
    },
    {
      "filePath": "\/Volumes\/My Shared Files\/Home\/Visual Studio Code\/SDK_iOS\/AdoComponent\/Foundation\/Extensions\/UIDevice+SM.swift",
      "kind": "StringLiteral",
      "offset": 1323,
      "length": 11,
      "value": "\"iPhone5,4\""
    },
    {
      "filePath": "\/Volumes\/My Shared Files\/Home\/Visual Studio Code\/SDK_iOS\/AdoComponent\/Foundation\/Extensions\/UIDevice+SM.swift",
      "kind": "StringLiteral",
      "offset": 1360,
      "length": 11,
      "value": "\"iPhone_5c\""
    },
    {
      "filePath": "\/Volumes\/My Shared Files\/Home\/Visual Studio Code\/SDK_iOS\/AdoComponent\/Foundation\/Extensions\/UIDevice+SM.swift",
      "kind": "StringLiteral",
      "offset": 1389,
      "length": 11,
      "value": "\"iPhone6,1\""
    },
    {
      "filePath": "\/Volumes\/My Shared Files\/Home\/Visual Studio Code\/SDK_iOS\/AdoComponent\/Foundation\/Extensions\/UIDevice+SM.swift",
      "kind": "StringLiteral",
      "offset": 1402,
      "length": 11,
      "value": "\"iPhone6,2\""
    },
    {
      "filePath": "\/Volumes\/My Shared Files\/Home\/Visual Studio Code\/SDK_iOS\/AdoComponent\/Foundation\/Extensions\/UIDevice+SM.swift",
      "kind": "StringLiteral",
      "offset": 1439,
      "length": 11,
      "value": "\"iPhone_5s\""
    },
    {
      "filePath": "\/Volumes\/My Shared Files\/Home\/Visual Studio Code\/SDK_iOS\/AdoComponent\/Foundation\/Extensions\/UIDevice+SM.swift",
      "kind": "StringLiteral",
      "offset": 1468,
      "length": 11,
      "value": "\"iPhone7,2\""
    },
    {
      "filePath": "\/Volumes\/My Shared Files\/Home\/Visual Studio Code\/SDK_iOS\/AdoComponent\/Foundation\/Extensions\/UIDevice+SM.swift",
      "kind": "StringLiteral",
      "offset": 1518,
      "length": 10,
      "value": "\"iPhone_6\""
    },
    {
      "filePath": "\/Volumes\/My Shared Files\/Home\/Visual Studio Code\/SDK_iOS\/AdoComponent\/Foundation\/Extensions\/UIDevice+SM.swift",
      "kind": "StringLiteral",
      "offset": 1546,
      "length": 11,
      "value": "\"iPhone7,1\""
    },
    {
      "filePath": "\/Volumes\/My Shared Files\/Home\/Visual Studio Code\/SDK_iOS\/AdoComponent\/Foundation\/Extensions\/UIDevice+SM.swift",
      "kind": "StringLiteral",
      "offset": 1596,
      "length": 15,
      "value": "\"iPhone_6_Plus\""
    },
    {
      "filePath": "\/Volumes\/My Shared Files\/Home\/Visual Studio Code\/SDK_iOS\/AdoComponent\/Foundation\/Extensions\/UIDevice+SM.swift",
      "kind": "StringLiteral",
      "offset": 1629,
      "length": 11,
      "value": "\"iPhone8,1\""
    },
    {
      "filePath": "\/Volumes\/My Shared Files\/Home\/Visual Studio Code\/SDK_iOS\/AdoComponent\/Foundation\/Extensions\/UIDevice+SM.swift",
      "kind": "StringLiteral",
      "offset": 1679,
      "length": 11,
      "value": "\"iPhone_6s\""
    },
    {
      "filePath": "\/Volumes\/My Shared Files\/Home\/Visual Studio Code\/SDK_iOS\/AdoComponent\/Foundation\/Extensions\/UIDevice+SM.swift",
      "kind": "StringLiteral",
      "offset": 1708,
      "length": 11,
      "value": "\"iPhone8,2\""
    },
    {
      "filePath": "\/Volumes\/My Shared Files\/Home\/Visual Studio Code\/SDK_iOS\/AdoComponent\/Foundation\/Extensions\/UIDevice+SM.swift",
      "kind": "StringLiteral",
      "offset": 1758,
      "length": 16,
      "value": "\"iPhone_6s_Plus\""
    },
    {
      "filePath": "\/Volumes\/My Shared Files\/Home\/Visual Studio Code\/SDK_iOS\/AdoComponent\/Foundation\/Extensions\/UIDevice+SM.swift",
      "kind": "StringLiteral",
      "offset": 1792,
      "length": 11,
      "value": "\"iPhone9,1\""
    },
    {
      "filePath": "\/Volumes\/My Shared Files\/Home\/Visual Studio Code\/SDK_iOS\/AdoComponent\/Foundation\/Extensions\/UIDevice+SM.swift",
      "kind": "StringLiteral",
      "offset": 1805,
      "length": 11,
      "value": "\"iPhone9,3\""
    },
    {
      "filePath": "\/Volumes\/My Shared Files\/Home\/Visual Studio Code\/SDK_iOS\/AdoComponent\/Foundation\/Extensions\/UIDevice+SM.swift",
      "kind": "StringLiteral",
      "offset": 1842,
      "length": 10,
      "value": "\"iPhone_7\""
    },
    {
      "filePath": "\/Volumes\/My Shared Files\/Home\/Visual Studio Code\/SDK_iOS\/AdoComponent\/Foundation\/Extensions\/UIDevice+SM.swift",
      "kind": "StringLiteral",
      "offset": 1870,
      "length": 11,
      "value": "\"iPhone9,2\""
    },
    {
      "filePath": "\/Volumes\/My Shared Files\/Home\/Visual Studio Code\/SDK_iOS\/AdoComponent\/Foundation\/Extensions\/UIDevice+SM.swift",
      "kind": "StringLiteral",
      "offset": 1883,
      "length": 11,
      "value": "\"iPhone9,4\""
    },
    {
      "filePath": "\/Volumes\/My Shared Files\/Home\/Visual Studio Code\/SDK_iOS\/AdoComponent\/Foundation\/Extensions\/UIDevice+SM.swift",
      "kind": "StringLiteral",
      "offset": 1920,
      "length": 15,
      "value": "\"iPhone_7_Plus\""
    },
    {
      "filePath": "\/Volumes\/My Shared Files\/Home\/Visual Studio Code\/SDK_iOS\/AdoComponent\/Foundation\/Extensions\/UIDevice+SM.swift",
      "kind": "StringLiteral",
      "offset": 1953,
      "length": 11,
      "value": "\"iPhone8,4\""
    },
    {
      "filePath": "\/Volumes\/My Shared Files\/Home\/Visual Studio Code\/SDK_iOS\/AdoComponent\/Foundation\/Extensions\/UIDevice+SM.swift",
      "kind": "StringLiteral",
      "offset": 2003,
      "length": 11,
      "value": "\"iPhone_SE\""
    },
    {
      "filePath": "\/Volumes\/My Shared Files\/Home\/Visual Studio Code\/SDK_iOS\/AdoComponent\/Foundation\/Extensions\/UIDevice+SM.swift",
      "kind": "StringLiteral",
      "offset": 2032,
      "length": 12,
      "value": "\"iPhone10,1\""
    },
    {
      "filePath": "\/Volumes\/My Shared Files\/Home\/Visual Studio Code\/SDK_iOS\/AdoComponent\/Foundation\/Extensions\/UIDevice+SM.swift",
      "kind": "StringLiteral",
      "offset": 2046,
      "length": 12,
      "value": "\"iPhone10,4\""
    },
    {
      "filePath": "\/Volumes\/My Shared Files\/Home\/Visual Studio Code\/SDK_iOS\/AdoComponent\/Foundation\/Extensions\/UIDevice+SM.swift",
      "kind": "StringLiteral",
      "offset": 2082,
      "length": 10,
      "value": "\"iPhone_8\""
    },
    {
      "filePath": "\/Volumes\/My Shared Files\/Home\/Visual Studio Code\/SDK_iOS\/AdoComponent\/Foundation\/Extensions\/UIDevice+SM.swift",
      "kind": "StringLiteral",
      "offset": 2110,
      "length": 12,
      "value": "\"iPhone10,2\""
    },
    {
      "filePath": "\/Volumes\/My Shared Files\/Home\/Visual Studio Code\/SDK_iOS\/AdoComponent\/Foundation\/Extensions\/UIDevice+SM.swift",
      "kind": "StringLiteral",
      "offset": 2124,
      "length": 12,
      "value": "\"iPhone10,5\""
    },
    {
      "filePath": "\/Volumes\/My Shared Files\/Home\/Visual Studio Code\/SDK_iOS\/AdoComponent\/Foundation\/Extensions\/UIDevice+SM.swift",
      "kind": "StringLiteral",
      "offset": 2160,
      "length": 15,
      "value": "\"iPhone_8_Plus\""
    },
    {
      "filePath": "\/Volumes\/My Shared Files\/Home\/Visual Studio Code\/SDK_iOS\/AdoComponent\/Foundation\/Extensions\/UIDevice+SM.swift",
      "kind": "StringLiteral",
      "offset": 2193,
      "length": 12,
      "value": "\"iPhone10,3\""
    },
    {
      "filePath": "\/Volumes\/My Shared Files\/Home\/Visual Studio Code\/SDK_iOS\/AdoComponent\/Foundation\/Extensions\/UIDevice+SM.swift",
      "kind": "StringLiteral",
      "offset": 2207,
      "length": 12,
      "value": "\"iPhone10,6\""
    },
    {
      "filePath": "\/Volumes\/My Shared Files\/Home\/Visual Studio Code\/SDK_iOS\/AdoComponent\/Foundation\/Extensions\/UIDevice+SM.swift",
      "kind": "StringLiteral",
      "offset": 2243,
      "length": 10,
      "value": "\"iPhone_X\""
    },
    {
      "filePath": "\/Volumes\/My Shared Files\/Home\/Visual Studio Code\/SDK_iOS\/AdoComponent\/Foundation\/Extensions\/UIDevice+SM.swift",
      "kind": "StringLiteral",
      "offset": 2271,
      "length": 12,
      "value": "\"iPhone11,2\""
    },
    {
      "filePath": "\/Volumes\/My Shared Files\/Home\/Visual Studio Code\/SDK_iOS\/AdoComponent\/Foundation\/Extensions\/UIDevice+SM.swift",
      "kind": "StringLiteral",
      "offset": 2321,
      "length": 11,
      "value": "\"iPhone_XS\""
    },
    {
      "filePath": "\/Volumes\/My Shared Files\/Home\/Visual Studio Code\/SDK_iOS\/AdoComponent\/Foundation\/Extensions\/UIDevice+SM.swift",
      "kind": "StringLiteral",
      "offset": 2350,
      "length": 12,
      "value": "\"iPhone11,4\""
    },
    {
      "filePath": "\/Volumes\/My Shared Files\/Home\/Visual Studio Code\/SDK_iOS\/AdoComponent\/Foundation\/Extensions\/UIDevice+SM.swift",
      "kind": "StringLiteral",
      "offset": 2364,
      "length": 12,
      "value": "\"iPhone11,6\""
    },
    {
      "filePath": "\/Volumes\/My Shared Files\/Home\/Visual Studio Code\/SDK_iOS\/AdoComponent\/Foundation\/Extensions\/UIDevice+SM.swift",
      "kind": "StringLiteral",
      "offset": 2400,
      "length": 15,
      "value": "\"iPhone_XS_Max\""
    },
    {
      "filePath": "\/Volumes\/My Shared Files\/Home\/Visual Studio Code\/SDK_iOS\/AdoComponent\/Foundation\/Extensions\/UIDevice+SM.swift",
      "kind": "StringLiteral",
      "offset": 2433,
      "length": 12,
      "value": "\"iPhone11,8\""
    },
    {
      "filePath": "\/Volumes\/My Shared Files\/Home\/Visual Studio Code\/SDK_iOS\/AdoComponent\/Foundation\/Extensions\/UIDevice+SM.swift",
      "kind": "StringLiteral",
      "offset": 2483,
      "length": 11,
      "value": "\"iPhone_XR\""
    },
    {
      "filePath": "\/Volumes\/My Shared Files\/Home\/Visual Studio Code\/SDK_iOS\/AdoComponent\/Foundation\/Extensions\/UIDevice+SM.swift",
      "kind": "StringLiteral",
      "offset": 2512,
      "length": 12,
      "value": "\"iPhone12,1\""
    },
    {
      "filePath": "\/Volumes\/My Shared Files\/Home\/Visual Studio Code\/SDK_iOS\/AdoComponent\/Foundation\/Extensions\/UIDevice+SM.swift",
      "kind": "StringLiteral",
      "offset": 2562,
      "length": 11,
      "value": "\"iPhone_11\""
    },
    {
      "filePath": "\/Volumes\/My Shared Files\/Home\/Visual Studio Code\/SDK_iOS\/AdoComponent\/Foundation\/Extensions\/UIDevice+SM.swift",
      "kind": "StringLiteral",
      "offset": 2591,
      "length": 12,
      "value": "\"iPhone12,3\""
    },
    {
      "filePath": "\/Volumes\/My Shared Files\/Home\/Visual Studio Code\/SDK_iOS\/AdoComponent\/Foundation\/Extensions\/UIDevice+SM.swift",
      "kind": "StringLiteral",
      "offset": 2641,
      "length": 15,
      "value": "\"iPhone_11_Pro\""
    },
    {
      "filePath": "\/Volumes\/My Shared Files\/Home\/Visual Studio Code\/SDK_iOS\/AdoComponent\/Foundation\/Extensions\/UIDevice+SM.swift",
      "kind": "StringLiteral",
      "offset": 2674,
      "length": 12,
      "value": "\"iPhone12,5\""
    },
    {
      "filePath": "\/Volumes\/My Shared Files\/Home\/Visual Studio Code\/SDK_iOS\/AdoComponent\/Foundation\/Extensions\/UIDevice+SM.swift",
      "kind": "StringLiteral",
      "offset": 2724,
      "length": 19,
      "value": "\"iPhone_11_Pro_Max\""
    },
    {
      "filePath": "\/Volumes\/My Shared Files\/Home\/Visual Studio Code\/SDK_iOS\/AdoComponent\/Foundation\/Extensions\/UIDevice+SM.swift",
      "kind": "StringLiteral",
      "offset": 2761,
      "length": 9,
      "value": "\"iPad2,1\""
    },
    {
      "filePath": "\/Volumes\/My Shared Files\/Home\/Visual Studio Code\/SDK_iOS\/AdoComponent\/Foundation\/Extensions\/UIDevice+SM.swift",
      "kind": "StringLiteral",
      "offset": 2772,
      "length": 9,
      "value": "\"iPad2,2\""
    },
    {
      "filePath": "\/Volumes\/My Shared Files\/Home\/Visual Studio Code\/SDK_iOS\/AdoComponent\/Foundation\/Extensions\/UIDevice+SM.swift",
      "kind": "StringLiteral",
      "offset": 2783,
      "length": 9,
      "value": "\"iPad2,3\""
    },
    {
      "filePath": "\/Volumes\/My Shared Files\/Home\/Visual Studio Code\/SDK_iOS\/AdoComponent\/Foundation\/Extensions\/UIDevice+SM.swift",
      "kind": "StringLiteral",
      "offset": 2794,
      "length": 9,
      "value": "\"iPad2,4\""
    },
    {
      "filePath": "\/Volumes\/My Shared Files\/Home\/Visual Studio Code\/SDK_iOS\/AdoComponent\/Foundation\/Extensions\/UIDevice+SM.swift",
      "kind": "StringLiteral",
      "offset": 2811,
      "length": 8,
      "value": "\"iPad_2\""
    },
    {
      "filePath": "\/Volumes\/My Shared Files\/Home\/Visual Studio Code\/SDK_iOS\/AdoComponent\/Foundation\/Extensions\/UIDevice+SM.swift",
      "kind": "StringLiteral",
      "offset": 2837,
      "length": 9,
      "value": "\"iPad3,1\""
    },
    {
      "filePath": "\/Volumes\/My Shared Files\/Home\/Visual Studio Code\/SDK_iOS\/AdoComponent\/Foundation\/Extensions\/UIDevice+SM.swift",
      "kind": "StringLiteral",
      "offset": 2848,
      "length": 9,
      "value": "\"iPad3,2\""
    },
    {
      "filePath": "\/Volumes\/My Shared Files\/Home\/Visual Studio Code\/SDK_iOS\/AdoComponent\/Foundation\/Extensions\/UIDevice+SM.swift",
      "kind": "StringLiteral",
      "offset": 2859,
      "length": 9,
      "value": "\"iPad3,3\""
    },
    {
      "filePath": "\/Volumes\/My Shared Files\/Home\/Visual Studio Code\/SDK_iOS\/AdoComponent\/Foundation\/Extensions\/UIDevice+SM.swift",
      "kind": "StringLiteral",
      "offset": 2887,
      "length": 8,
      "value": "\"iPad_3\""
    },
    {
      "filePath": "\/Volumes\/My Shared Files\/Home\/Visual Studio Code\/SDK_iOS\/AdoComponent\/Foundation\/Extensions\/UIDevice+SM.swift",
      "kind": "StringLiteral",
      "offset": 2913,
      "length": 9,
      "value": "\"iPad3,4\""
    },
    {
      "filePath": "\/Volumes\/My Shared Files\/Home\/Visual Studio Code\/SDK_iOS\/AdoComponent\/Foundation\/Extensions\/UIDevice+SM.swift",
      "kind": "StringLiteral",
      "offset": 2924,
      "length": 9,
      "value": "\"iPad3,5\""
    },
    {
      "filePath": "\/Volumes\/My Shared Files\/Home\/Visual Studio Code\/SDK_iOS\/AdoComponent\/Foundation\/Extensions\/UIDevice+SM.swift",
      "kind": "StringLiteral",
      "offset": 2935,
      "length": 9,
      "value": "\"iPad3,6\""
    },
    {
      "filePath": "\/Volumes\/My Shared Files\/Home\/Visual Studio Code\/SDK_iOS\/AdoComponent\/Foundation\/Extensions\/UIDevice+SM.swift",
      "kind": "StringLiteral",
      "offset": 2963,
      "length": 8,
      "value": "\"iPad_4\""
    },
    {
      "filePath": "\/Volumes\/My Shared Files\/Home\/Visual Studio Code\/SDK_iOS\/AdoComponent\/Foundation\/Extensions\/UIDevice+SM.swift",
      "kind": "StringLiteral",
      "offset": 2989,
      "length": 9,
      "value": "\"iPad4,1\""
    },
    {
      "filePath": "\/Volumes\/My Shared Files\/Home\/Visual Studio Code\/SDK_iOS\/AdoComponent\/Foundation\/Extensions\/UIDevice+SM.swift",
      "kind": "StringLiteral",
      "offset": 3000,
      "length": 9,
      "value": "\"iPad4,2\""
    },
    {
      "filePath": "\/Volumes\/My Shared Files\/Home\/Visual Studio Code\/SDK_iOS\/AdoComponent\/Foundation\/Extensions\/UIDevice+SM.swift",
      "kind": "StringLiteral",
      "offset": 3011,
      "length": 9,
      "value": "\"iPad4,3\""
    },
    {
      "filePath": "\/Volumes\/My Shared Files\/Home\/Visual Studio Code\/SDK_iOS\/AdoComponent\/Foundation\/Extensions\/UIDevice+SM.swift",
      "kind": "StringLiteral",
      "offset": 3039,
      "length": 10,
      "value": "\"iPad_Air\""
    },
    {
      "filePath": "\/Volumes\/My Shared Files\/Home\/Visual Studio Code\/SDK_iOS\/AdoComponent\/Foundation\/Extensions\/UIDevice+SM.swift",
      "kind": "StringLiteral",
      "offset": 3067,
      "length": 9,
      "value": "\"iPad5,3\""
    },
    {
      "filePath": "\/Volumes\/My Shared Files\/Home\/Visual Studio Code\/SDK_iOS\/AdoComponent\/Foundation\/Extensions\/UIDevice+SM.swift",
      "kind": "StringLiteral",
      "offset": 3078,
      "length": 9,
      "value": "\"iPad5,4\""
    },
    {
      "filePath": "\/Volumes\/My Shared Files\/Home\/Visual Studio Code\/SDK_iOS\/AdoComponent\/Foundation\/Extensions\/UIDevice+SM.swift",
      "kind": "StringLiteral",
      "offset": 3117,
      "length": 12,
      "value": "\"iPad_Air_2\""
    },
    {
      "filePath": "\/Volumes\/My Shared Files\/Home\/Visual Studio Code\/SDK_iOS\/AdoComponent\/Foundation\/Extensions\/UIDevice+SM.swift",
      "kind": "StringLiteral",
      "offset": 3147,
      "length": 10,
      "value": "\"iPad6,11\""
    },
    {
      "filePath": "\/Volumes\/My Shared Files\/Home\/Visual Studio Code\/SDK_iOS\/AdoComponent\/Foundation\/Extensions\/UIDevice+SM.swift",
      "kind": "StringLiteral",
      "offset": 3159,
      "length": 10,
      "value": "\"iPad6,12\""
    },
    {
      "filePath": "\/Volumes\/My Shared Files\/Home\/Visual Studio Code\/SDK_iOS\/AdoComponent\/Foundation\/Extensions\/UIDevice+SM.swift",
      "kind": "StringLiteral",
      "offset": 3197,
      "length": 8,
      "value": "\"iPad_5\""
    },
    {
      "filePath": "\/Volumes\/My Shared Files\/Home\/Visual Studio Code\/SDK_iOS\/AdoComponent\/Foundation\/Extensions\/UIDevice+SM.swift",
      "kind": "StringLiteral",
      "offset": 3223,
      "length": 9,
      "value": "\"iPad7,5\""
    },
    {
      "filePath": "\/Volumes\/My Shared Files\/Home\/Visual Studio Code\/SDK_iOS\/AdoComponent\/Foundation\/Extensions\/UIDevice+SM.swift",
      "kind": "StringLiteral",
      "offset": 3234,
      "length": 9,
      "value": "\"iPad7,6\""
    },
    {
      "filePath": "\/Volumes\/My Shared Files\/Home\/Visual Studio Code\/SDK_iOS\/AdoComponent\/Foundation\/Extensions\/UIDevice+SM.swift",
      "kind": "StringLiteral",
      "offset": 3273,
      "length": 8,
      "value": "\"iPad_6\""
    },
    {
      "filePath": "\/Volumes\/My Shared Files\/Home\/Visual Studio Code\/SDK_iOS\/AdoComponent\/Foundation\/Extensions\/UIDevice+SM.swift",
      "kind": "StringLiteral",
      "offset": 3299,
      "length": 10,
      "value": "\"iPad7,11\""
    },
    {
      "filePath": "\/Volumes\/My Shared Files\/Home\/Visual Studio Code\/SDK_iOS\/AdoComponent\/Foundation\/Extensions\/UIDevice+SM.swift",
      "kind": "StringLiteral",
      "offset": 3311,
      "length": 10,
      "value": "\"iPad7,12\""
    },
    {
      "filePath": "\/Volumes\/My Shared Files\/Home\/Visual Studio Code\/SDK_iOS\/AdoComponent\/Foundation\/Extensions\/UIDevice+SM.swift",
      "kind": "StringLiteral",
      "offset": 3349,
      "length": 8,
      "value": "\"iPad_7\""
    },
    {
      "filePath": "\/Volumes\/My Shared Files\/Home\/Visual Studio Code\/SDK_iOS\/AdoComponent\/Foundation\/Extensions\/UIDevice+SM.swift",
      "kind": "StringLiteral",
      "offset": 3375,
      "length": 10,
      "value": "\"iPad11,4\""
    },
    {
      "filePath": "\/Volumes\/My Shared Files\/Home\/Visual Studio Code\/SDK_iOS\/AdoComponent\/Foundation\/Extensions\/UIDevice+SM.swift",
      "kind": "StringLiteral",
      "offset": 3387,
      "length": 10,
      "value": "\"iPad11,5\""
    },
    {
      "filePath": "\/Volumes\/My Shared Files\/Home\/Visual Studio Code\/SDK_iOS\/AdoComponent\/Foundation\/Extensions\/UIDevice+SM.swift",
      "kind": "StringLiteral",
      "offset": 3425,
      "length": 27,
      "value": "\"iPad_Air_(3rd_generation)\""
    },
    {
      "filePath": "\/Volumes\/My Shared Files\/Home\/Visual Studio Code\/SDK_iOS\/AdoComponent\/Foundation\/Extensions\/UIDevice+SM.swift",
      "kind": "StringLiteral",
      "offset": 3470,
      "length": 9,
      "value": "\"iPad2,5\""
    },
    {
      "filePath": "\/Volumes\/My Shared Files\/Home\/Visual Studio Code\/SDK_iOS\/AdoComponent\/Foundation\/Extensions\/UIDevice+SM.swift",
      "kind": "StringLiteral",
      "offset": 3481,
      "length": 9,
      "value": "\"iPad2,6\""
    },
    {
      "filePath": "\/Volumes\/My Shared Files\/Home\/Visual Studio Code\/SDK_iOS\/AdoComponent\/Foundation\/Extensions\/UIDevice+SM.swift",
      "kind": "StringLiteral",
      "offset": 3492,
      "length": 9,
      "value": "\"iPad2,7\""
    },
    {
      "filePath": "\/Volumes\/My Shared Files\/Home\/Visual Studio Code\/SDK_iOS\/AdoComponent\/Foundation\/Extensions\/UIDevice+SM.swift",
      "kind": "StringLiteral",
      "offset": 3520,
      "length": 11,
      "value": "\"iPad_Mini\""
    },
    {
      "filePath": "\/Volumes\/My Shared Files\/Home\/Visual Studio Code\/SDK_iOS\/AdoComponent\/Foundation\/Extensions\/UIDevice+SM.swift",
      "kind": "StringLiteral",
      "offset": 3549,
      "length": 9,
      "value": "\"iPad4,4\""
    },
    {
      "filePath": "\/Volumes\/My Shared Files\/Home\/Visual Studio Code\/SDK_iOS\/AdoComponent\/Foundation\/Extensions\/UIDevice+SM.swift",
      "kind": "StringLiteral",
      "offset": 3560,
      "length": 9,
      "value": "\"iPad4,5\""
    },
    {
      "filePath": "\/Volumes\/My Shared Files\/Home\/Visual Studio Code\/SDK_iOS\/AdoComponent\/Foundation\/Extensions\/UIDevice+SM.swift",
      "kind": "StringLiteral",
      "offset": 3571,
      "length": 9,
      "value": "\"iPad4,6\""
    },
    {
      "filePath": "\/Volumes\/My Shared Files\/Home\/Visual Studio Code\/SDK_iOS\/AdoComponent\/Foundation\/Extensions\/UIDevice+SM.swift",
      "kind": "StringLiteral",
      "offset": 3599,
      "length": 13,
      "value": "\"iPad_Mini_2\""
    },
    {
      "filePath": "\/Volumes\/My Shared Files\/Home\/Visual Studio Code\/SDK_iOS\/AdoComponent\/Foundation\/Extensions\/UIDevice+SM.swift",
      "kind": "StringLiteral",
      "offset": 3630,
      "length": 9,
      "value": "\"iPad4,7\""
    },
    {
      "filePath": "\/Volumes\/My Shared Files\/Home\/Visual Studio Code\/SDK_iOS\/AdoComponent\/Foundation\/Extensions\/UIDevice+SM.swift",
      "kind": "StringLiteral",
      "offset": 3641,
      "length": 9,
      "value": "\"iPad4,8\""
    },
    {
      "filePath": "\/Volumes\/My Shared Files\/Home\/Visual Studio Code\/SDK_iOS\/AdoComponent\/Foundation\/Extensions\/UIDevice+SM.swift",
      "kind": "StringLiteral",
      "offset": 3652,
      "length": 9,
      "value": "\"iPad4,9\""
    },
    {
      "filePath": "\/Volumes\/My Shared Files\/Home\/Visual Studio Code\/SDK_iOS\/AdoComponent\/Foundation\/Extensions\/UIDevice+SM.swift",
      "kind": "StringLiteral",
      "offset": 3680,
      "length": 13,
      "value": "\"iPad_Mini_3\""
    },
    {
      "filePath": "\/Volumes\/My Shared Files\/Home\/Visual Studio Code\/SDK_iOS\/AdoComponent\/Foundation\/Extensions\/UIDevice+SM.swift",
      "kind": "StringLiteral",
      "offset": 3711,
      "length": 9,
      "value": "\"iPad5,1\""
    },
    {
      "filePath": "\/Volumes\/My Shared Files\/Home\/Visual Studio Code\/SDK_iOS\/AdoComponent\/Foundation\/Extensions\/UIDevice+SM.swift",
      "kind": "StringLiteral",
      "offset": 3722,
      "length": 9,
      "value": "\"iPad5,2\""
    },
    {
      "filePath": "\/Volumes\/My Shared Files\/Home\/Visual Studio Code\/SDK_iOS\/AdoComponent\/Foundation\/Extensions\/UIDevice+SM.swift",
      "kind": "StringLiteral",
      "offset": 3761,
      "length": 13,
      "value": "\"iPad_Mini_4\""
    },
    {
      "filePath": "\/Volumes\/My Shared Files\/Home\/Visual Studio Code\/SDK_iOS\/AdoComponent\/Foundation\/Extensions\/UIDevice+SM.swift",
      "kind": "StringLiteral",
      "offset": 3792,
      "length": 10,
      "value": "\"iPad11,1\""
    },
    {
      "filePath": "\/Volumes\/My Shared Files\/Home\/Visual Studio Code\/SDK_iOS\/AdoComponent\/Foundation\/Extensions\/UIDevice+SM.swift",
      "kind": "StringLiteral",
      "offset": 3804,
      "length": 10,
      "value": "\"iPad11,2\""
    },
    {
      "filePath": "\/Volumes\/My Shared Files\/Home\/Visual Studio Code\/SDK_iOS\/AdoComponent\/Foundation\/Extensions\/UIDevice+SM.swift",
      "kind": "StringLiteral",
      "offset": 3842,
      "length": 13,
      "value": "\"iPad_Mini_5\""
    },
    {
      "filePath": "\/Volumes\/My Shared Files\/Home\/Visual Studio Code\/SDK_iOS\/AdoComponent\/Foundation\/Extensions\/UIDevice+SM.swift",
      "kind": "StringLiteral",
      "offset": 3873,
      "length": 9,
      "value": "\"iPad6,3\""
    },
    {
      "filePath": "\/Volumes\/My Shared Files\/Home\/Visual Studio Code\/SDK_iOS\/AdoComponent\/Foundation\/Extensions\/UIDevice+SM.swift",
      "kind": "StringLiteral",
      "offset": 3884,
      "length": 9,
      "value": "\"iPad6,4\""
    },
    {
      "filePath": "\/Volumes\/My Shared Files\/Home\/Visual Studio Code\/SDK_iOS\/AdoComponent\/Foundation\/Extensions\/UIDevice+SM.swift",
      "kind": "StringLiteral",
      "offset": 3923,
      "length": 21,
      "value": "\"iPad_Pro_(9.7-inch)\""
    },
    {
      "filePath": "\/Volumes\/My Shared Files\/Home\/Visual Studio Code\/SDK_iOS\/AdoComponent\/Foundation\/Extensions\/UIDevice+SM.swift",
      "kind": "StringLiteral",
      "offset": 3962,
      "length": 9,
      "value": "\"iPad6,7\""
    },
    {
      "filePath": "\/Volumes\/My Shared Files\/Home\/Visual Studio Code\/SDK_iOS\/AdoComponent\/Foundation\/Extensions\/UIDevice+SM.swift",
      "kind": "StringLiteral",
      "offset": 3973,
      "length": 9,
      "value": "\"iPad6,8\""
    },
    {
      "filePath": "\/Volumes\/My Shared Files\/Home\/Visual Studio Code\/SDK_iOS\/AdoComponent\/Foundation\/Extensions\/UIDevice+SM.swift",
      "kind": "StringLiteral",
      "offset": 4012,
      "length": 22,
      "value": "\"iPad_Pro_(12.9-inch)\""
    },
    {
      "filePath": "\/Volumes\/My Shared Files\/Home\/Visual Studio Code\/SDK_iOS\/AdoComponent\/Foundation\/Extensions\/UIDevice+SM.swift",
      "kind": "StringLiteral",
      "offset": 4052,
      "length": 9,
      "value": "\"iPad7,1\""
    },
    {
      "filePath": "\/Volumes\/My Shared Files\/Home\/Visual Studio Code\/SDK_iOS\/AdoComponent\/Foundation\/Extensions\/UIDevice+SM.swift",
      "kind": "StringLiteral",
      "offset": 4063,
      "length": 9,
      "value": "\"iPad7,2\""
    },
    {
      "filePath": "\/Volumes\/My Shared Files\/Home\/Visual Studio Code\/SDK_iOS\/AdoComponent\/Foundation\/Extensions\/UIDevice+SM.swift",
      "kind": "StringLiteral",
      "offset": 4102,
      "length": 39,
      "value": "\"iPad_Pro_(12.9-inch)_(2nd_generation)\""
    },
    {
      "filePath": "\/Volumes\/My Shared Files\/Home\/Visual Studio Code\/SDK_iOS\/AdoComponent\/Foundation\/Extensions\/UIDevice+SM.swift",
      "kind": "StringLiteral",
      "offset": 4159,
      "length": 9,
      "value": "\"iPad7,3\""
    },
    {
      "filePath": "\/Volumes\/My Shared Files\/Home\/Visual Studio Code\/SDK_iOS\/AdoComponent\/Foundation\/Extensions\/UIDevice+SM.swift",
      "kind": "StringLiteral",
      "offset": 4170,
      "length": 9,
      "value": "\"iPad7,4\""
    },
    {
      "filePath": "\/Volumes\/My Shared Files\/Home\/Visual Studio Code\/SDK_iOS\/AdoComponent\/Foundation\/Extensions\/UIDevice+SM.swift",
      "kind": "StringLiteral",
      "offset": 4209,
      "length": 22,
      "value": "\"iPad_Pro_(10.5-inch)\""
    },
    {
      "filePath": "\/Volumes\/My Shared Files\/Home\/Visual Studio Code\/SDK_iOS\/AdoComponent\/Foundation\/Extensions\/UIDevice+SM.swift",
      "kind": "StringLiteral",
      "offset": 4249,
      "length": 9,
      "value": "\"iPad8,1\""
    },
    {
      "filePath": "\/Volumes\/My Shared Files\/Home\/Visual Studio Code\/SDK_iOS\/AdoComponent\/Foundation\/Extensions\/UIDevice+SM.swift",
      "kind": "StringLiteral",
      "offset": 4260,
      "length": 9,
      "value": "\"iPad8,2\""
    },
    {
      "filePath": "\/Volumes\/My Shared Files\/Home\/Visual Studio Code\/SDK_iOS\/AdoComponent\/Foundation\/Extensions\/UIDevice+SM.swift",
      "kind": "StringLiteral",
      "offset": 4271,
      "length": 9,
      "value": "\"iPad8,3\""
    },
    {
      "filePath": "\/Volumes\/My Shared Files\/Home\/Visual Studio Code\/SDK_iOS\/AdoComponent\/Foundation\/Extensions\/UIDevice+SM.swift",
      "kind": "StringLiteral",
      "offset": 4282,
      "length": 9,
      "value": "\"iPad8,4\""
    },
    {
      "filePath": "\/Volumes\/My Shared Files\/Home\/Visual Studio Code\/SDK_iOS\/AdoComponent\/Foundation\/Extensions\/UIDevice+SM.swift",
      "kind": "StringLiteral",
      "offset": 4299,
      "length": 20,
      "value": "\"iPad_Pro_(11-inch)\""
    },
    {
      "filePath": "\/Volumes\/My Shared Files\/Home\/Visual Studio Code\/SDK_iOS\/AdoComponent\/Foundation\/Extensions\/UIDevice+SM.swift",
      "kind": "StringLiteral",
      "offset": 4337,
      "length": 9,
      "value": "\"iPad8,5\""
    },
    {
      "filePath": "\/Volumes\/My Shared Files\/Home\/Visual Studio Code\/SDK_iOS\/AdoComponent\/Foundation\/Extensions\/UIDevice+SM.swift",
      "kind": "StringLiteral",
      "offset": 4348,
      "length": 9,
      "value": "\"iPad8,6\""
    },
    {
      "filePath": "\/Volumes\/My Shared Files\/Home\/Visual Studio Code\/SDK_iOS\/AdoComponent\/Foundation\/Extensions\/UIDevice+SM.swift",
      "kind": "StringLiteral",
      "offset": 4359,
      "length": 9,
      "value": "\"iPad8,7\""
    },
    {
      "filePath": "\/Volumes\/My Shared Files\/Home\/Visual Studio Code\/SDK_iOS\/AdoComponent\/Foundation\/Extensions\/UIDevice+SM.swift",
      "kind": "StringLiteral",
      "offset": 4370,
      "length": 9,
      "value": "\"iPad8,8\""
    },
    {
      "filePath": "\/Volumes\/My Shared Files\/Home\/Visual Studio Code\/SDK_iOS\/AdoComponent\/Foundation\/Extensions\/UIDevice+SM.swift",
      "kind": "StringLiteral",
      "offset": 4387,
      "length": 39,
      "value": "\"iPad_Pro_(12.9-inch)_(3rd_generation)\""
    },
    {
      "filePath": "\/Volumes\/My Shared Files\/Home\/Visual Studio Code\/SDK_iOS\/AdoComponent\/Foundation\/Extensions\/UIDevice+SM.swift",
      "kind": "StringLiteral",
      "offset": 4444,
      "length": 12,
      "value": "\"AppleTV5,3\""
    },
    {
      "filePath": "\/Volumes\/My Shared Files\/Home\/Visual Studio Code\/SDK_iOS\/AdoComponent\/Foundation\/Extensions\/UIDevice+SM.swift",
      "kind": "StringLiteral",
      "offset": 4494,
      "length": 10,
      "value": "\"Apple_TV\""
    },
    {
      "filePath": "\/Volumes\/My Shared Files\/Home\/Visual Studio Code\/SDK_iOS\/AdoComponent\/Foundation\/Extensions\/UIDevice+SM.swift",
      "kind": "StringLiteral",
      "offset": 4522,
      "length": 12,
      "value": "\"AppleTV6,2\""
    },
    {
      "filePath": "\/Volumes\/My Shared Files\/Home\/Visual Studio Code\/SDK_iOS\/AdoComponent\/Foundation\/Extensions\/UIDevice+SM.swift",
      "kind": "StringLiteral",
      "offset": 4572,
      "length": 13,
      "value": "\"Apple_TV_4K\""
    },
    {
      "filePath": "\/Volumes\/My Shared Files\/Home\/Visual Studio Code\/SDK_iOS\/AdoComponent\/Foundation\/Extensions\/UIDevice+SM.swift",
      "kind": "StringLiteral",
      "offset": 4603,
      "length": 19,
      "value": "\"AudioAccessory1,1\""
    },
    {
      "filePath": "\/Volumes\/My Shared Files\/Home\/Visual Studio Code\/SDK_iOS\/AdoComponent\/Foundation\/Extensions\/UIDevice+SM.swift",
      "kind": "StringLiteral",
      "offset": 4653,
      "length": 9,
      "value": "\"HomePod\""
    },
    {
      "filePath": "\/Volumes\/My Shared Files\/Home\/Visual Studio Code\/SDK_iOS\/AdoComponent\/Foundation\/Extensions\/UIDevice+SM.swift",
      "kind": "StringLiteral",
      "offset": 4680,
      "length": 6,
      "value": "\"i386\""
    },
    {
      "filePath": "\/Volumes\/My Shared Files\/Home\/Visual Studio Code\/SDK_iOS\/AdoComponent\/Foundation\/Extensions\/UIDevice+SM.swift",
      "kind": "StringLiteral",
      "offset": 4688,
      "length": 8,
      "value": "\"x86_64\""
    },
    {
      "filePath": "\/Volumes\/My Shared Files\/Home\/Visual Studio Code\/SDK_iOS\/AdoComponent\/Foundation\/Extensions\/UIDevice+SM.swift",
      "kind": "StringLiteral",
      "offset": 4730,
      "length": 104,
      "value": "\"Simulator_\""
    },
    {
      "filePath": "\/Volumes\/My Shared Files\/Home\/Visual Studio Code\/SDK_iOS\/AdoComponent\/Foundation\/Extensions\/UIDevice+SM.swift",
      "kind": "StringLiteral",
      "offset": 4793,
      "length": 28,
      "value": "\"SIMULATOR_MODEL_IDENTIFIER\""
    },
    {
      "filePath": "\/Volumes\/My Shared Files\/Home\/Visual Studio Code\/SDK_iOS\/AdoComponent\/Foundation\/Extensions\/UIDevice+SM.swift",
      "kind": "StringLiteral",
      "offset": 4826,
      "length": 5,
      "value": "\"iOS\""
    },
    {
      "filePath": "\/Volumes\/My Shared Files\/Home\/Visual Studio Code\/SDK_iOS\/AdoComponent\/Foundation\/Extensions\/UIDevice+SM.swift",
      "kind": "StringLiteral",
      "offset": 4833,
      "length": 1,
      "value": "\"\""
    },
    {
      "filePath": "\/Volumes\/My Shared Files\/Home\/Visual Studio Code\/SDK_iOS\/AdoComponent\/Foundation\/Extensions\/UIColor+SM.swift",
      "kind": "FloatLiteral",
      "offset": 207,
      "length": 3,
      "value": "1.0"
    },
    {
      "filePath": "\/Volumes\/My Shared Files\/Home\/Visual Studio Code\/SDK_iOS\/AdoComponent\/Foundation\/Extensions\/UIViewController+SM.swift",
      "kind": "StringLiteral",
      "offset": 294,
      "length": 4,
      "value": "\"OK\""
    },
    {
      "filePath": "\/Volumes\/My Shared Files\/Home\/Visual Studio Code\/SDK_iOS\/AdoComponent\/Foundation\/Settings\/SMConfiguration.swift",
      "kind": "StringLiteral",
      "offset": 241,
      "length": 7,
      "value": "\"1.0.0\""
    },
    {
      "filePath": "\/Volumes\/My Shared Files\/Home\/Visual Studio Code\/SDK_iOS\/AdoComponent\/Foundation\/Settings\/SMConstants.swift",
      "kind": "StringLiteral",
      "offset": 131,
      "length": 9,
      "value": "\"#F5F5F5\""
    },
    {
      "filePath": "\/Volumes\/My Shared Files\/Home\/Visual Studio Code\/SDK_iOS\/AdoComponent\/Foundation\/Settings\/SMConstants.swift",
      "kind": "StringLiteral",
      "offset": 195,
      "length": 9,
      "value": "\"#333333\""
    },
    {
      "filePath": "\/Volumes\/My Shared Files\/Home\/Visual Studio Code\/SDK_iOS\/AdoComponent\/Foundation\/Settings\/SMConstants.swift",
      "kind": "StringLiteral",
      "offset": 258,
      "length": 9,
      "value": "\"#0067B1\""
    },
    {
      "filePath": "\/Volumes\/My Shared Files\/Home\/Visual Studio Code\/SDK_iOS\/AdoComponent\/Foundation\/Settings\/SMConstants.swift",
      "kind": "StringLiteral",
      "offset": 326,
      "length": 9,
      "value": "\"#E2E8EE\""
    },
    {
      "filePath": "\/Volumes\/My Shared Files\/Home\/Visual Studio Code\/SDK_iOS\/AdoComponent\/Foundation\/Settings\/SMConstants.swift",
      "kind": "StringLiteral",
      "offset": 390,
      "length": 9,
      "value": "\"#FFFFFF\""
    },
    {
      "filePath": "\/Volumes\/My Shared Files\/Home\/Visual Studio Code\/SDK_iOS\/AdoComponent\/Foundation\/Settings\/SMConstants.swift",
      "kind": "StringLiteral",
      "offset": 457,
      "length": 9,
      "value": "\"#757575\""
    },
    {
      "filePath": "\/Volumes\/My Shared Files\/Home\/Visual Studio Code\/SDK_iOS\/AdoComponent\/Foundation\/Extensions\/UIImage+SM.swift",
      "kind": "BooleanLiteral",
      "offset": 1981,
      "length": 5,
      "value": "false"
    },
    {
      "filePath": "\/Volumes\/My Shared Files\/Home\/Visual Studio Code\/SDK_iOS\/AdoComponent\/Foundation\/Extensions\/UIImage+SM.swift",
      "kind": "IntegerLiteral",
      "offset": 2138,
      "length": 1,
      "value": "2"
    },
    {
      "filePath": "\/Volumes\/My Shared Files\/Home\/Visual Studio Code\/SDK_iOS\/AdoComponent\/Foundation\/Extensions\/UIImage+SM.swift",
      "kind": "IntegerLiteral",
      "offset": 2159,
      "length": 1,
      "value": "2"
    },
    {
      "filePath": "\/Volumes\/My Shared Files\/Home\/Visual Studio Code\/SDK_iOS\/AdoComponent\/Foundation\/Extensions\/UIImage+SM.swift",
      "kind": "IntegerLiteral",
      "offset": 2336,
      "length": 1,
      "value": "2"
    },
    {
      "filePath": "\/Volumes\/My Shared Files\/Home\/Visual Studio Code\/SDK_iOS\/AdoComponent\/Foundation\/Extensions\/UIImage+SM.swift",
      "kind": "IntegerLiteral",
      "offset": 2360,
      "length": 1,
      "value": "2"
    },
    {
      "filePath": "\/Volumes\/My Shared Files\/Home\/Visual Studio Code\/SDK_iOS\/AdoComponent\/Modules\/LivenessWebViewController.swift",
      "kind": "StringLiteral",
      "offset": 574,
      "length": 21,
      "value": "\"messageHandlersName\""
    },
    {
      "filePath": "\/Volumes\/My Shared Files\/Home\/Visual Studio Code\/SDK_iOS\/AdoComponent\/Modules\/LivenessWebViewController.swift",
      "kind": "StringLiteral",
      "offset": 701,
      "length": 17,
      "value": "\"iOSGenieHandler\""
    },
    {
      "filePath": "\/Volumes\/My Shared Files\/Home\/Visual Studio Code\/SDK_iOS\/AdoComponent\/Modules\/LivenessWebViewController.swift",
      "kind": "StringLiteral",
      "offset": 810,
      "length": 697,
      "value": "\"\/\/ LEGACY: Mantener compatibilidad con sistema anterior\nwindow.addEventListener('loadedModels', function(e) {\n    console.log('📱 iOS SDK: Evento legacy loadedModels recibido');\n    window.webkit.messageHandlers.\""
    },
    {
      "filePath": "\/Volumes\/My Shared Files\/Home\/Visual Studio Code\/SDK_iOS\/AdoComponent\/Modules\/LivenessWebViewController.swift",
      "kind": "StringLiteral",
      "offset": 1103,
      "length": 1,
      "value": "\".postMessage(e.data);\n});\n\n\/\/ MODERNO: Nuevo sistema de eventos del WebComponent\nwindow.addEventListener('genieEventGeneral', function(e) {\n    console.log('📱 iOS SDK: Evento moderno genieEventGeneral recibido');\n    window.webkit.messageHandlers.\""
    },
    {
      "filePath": "\/Volumes\/My Shared Files\/Home\/Visual Studio Code\/SDK_iOS\/AdoComponent\/Modules\/LivenessWebViewController.swift",
      "kind": "StringLiteral",
      "offset": 1452,
      "length": 1,
      "value": "\".postMessage(e.detail);\n});\""
    },
    {
      "filePath": "\/Volumes\/My Shared Files\/Home\/Visual Studio Code\/SDK_iOS\/AdoComponent\/Modules\/LivenessWebViewController.swift",
      "kind": "BooleanLiteral",
      "offset": 1663,
      "length": 5,
      "value": "false"
    },
    {
      "filePath": "\/Volumes\/My Shared Files\/Home\/Visual Studio Code\/SDK_iOS\/AdoComponent\/Modules\/LivenessWebViewController.swift",
      "kind": "BooleanLiteral",
      "offset": 1968,
      "length": 5,
      "value": "false"
    },
    {
      "filePath": "\/Volumes\/My Shared Files\/Home\/Visual Studio Code\/SDK_iOS\/AdoComponent\/Modules\/LivenessWebViewController.swift",
      "kind": "BooleanLiteral",
      "offset": 2196,
      "length": 5,
      "value": "false"
    },
    {
      "filePath": "\/Volumes\/My Shared Files\/Home\/Visual Studio Code\/SDK_iOS\/AdoComponent\/Modules\/MainViewController.swift",
      "kind": "IntegerLiteral",
      "offset": 554,
      "length": 1,
      "value": "0"
    }
  ]
}